date,bikes_count,bikes_pred,August,December,February,January,July,June,March,May,November,October,September,Weekend,trend,trend_sq,trend_cub
24/02/2017,1044,NA,0,0,1,0,0,0,0,0,0,0,0,0,800,640000,5.12E+08
25/02/2017,706,NA,0,0,1,0,0,0,0,0,0,0,0,1,801,641601,513922401
26/02/2017,495,NA,0,0,1,0,0,0,0,0,0,0,0,1,802,643204,515849608
27/02/2017,831,NA,0,0,1,0,0,0,0,0,0,0,0,0,803,644809,517781627
28/02/2017,947,NA,0,0,1,0,0,0,0,0,0,0,0,0,804,646416,519718464
01/03/2017,1223,NA,0,0,0,0,0,0,1,0,0,0,0,0,805,648025,521660125
02/03/2017,1274,NA,0,0,0,0,0,0,1,0,0,0,0,0,806,649636,523606616
03/03/2017,963,NA,0,0,0,0,0,0,1,0,0,0,0,0,807,651249,525557943
04/03/2017,753,NA,0,0,0,0,0,0,1,0,0,0,0,1,808,652864,527514112
05/03/2017,436,NA,0,0,0,0,0,0,1,0,0,0,0,1,809,654481,529475129
06/03/2017,1005,NA,0,0,0,0,0,0,1,0,0,0,0,0,810,656100,531441000
07/03/2017,1109,NA,0,0,0,0,0,0,1,0,0,0,0,0,811,657721,533411731
08/03/2017,1164,NA,0,0,0,0,0,0,1,0,0,0,0,0,812,659344,535387328
09/03/2017,1012,NA,0,0,0,0,0,0,1,0,0,0,0,0,813,660969,537367797
10/03/2017,1299,NA,0,0,0,0,0,0,1,0,0,0,0,0,814,662596,539353144
11/03/2017,437,NA,0,0,0,0,0,0,1,0,0,0,0,1,815,664225,541343375
12/03/2017,628,NA,0,0,0,0,0,0,1,0,0,0,0,1,816,665856,543338496
13/03/2017,1088,NA,0,0,0,0,0,0,1,0,0,0,0,0,817,667489,545338513
14/03/2017,1495,NA,0,0,0,0,0,0,1,0,0,0,0,0,818,669124,547343432
15/03/2017,1519,NA,0,0,0,0,0,0,1,0,0,0,0,0,819,670761,549353259
16/03/2017,1581,NA,0,0,0,0,0,0,1,0,0,0,0,0,820,672400,551368000
17/03/2017,1197,NA,0,0,0,0,0,0,1,0,0,0,0,0,821,674041,553387661
18/03/2017,844,NA,0,0,0,0,0,0,1,0,0,0,0,1,822,675684,555412248
19/03/2017,1285,NA,0,0,0,0,0,0,1,0,0,0,0,1,823,677329,557441767
20/03/2017,1421,NA,0,0,0,0,0,0,1,0,0,0,0,0,824,678976,559476224
21/03/2017,1303,NA,0,0,0,0,0,0,1,0,0,0,0,0,825,680625,561515625
22/03/2017,1499,NA,0,0,0,0,0,0,1,0,0,0,0,0,826,682276,563559976
23/03/2017,1487,NA,0,0,0,0,0,0,1,0,0,0,0,0,827,683929,565609283
24/03/2017,1363,NA,0,0,0,0,0,0,1,0,0,0,0,0,828,685584,567663552
25/03/2017,1230,NA,0,0,0,0,0,0,1,0,0,0,0,1,829,687241,569722789
26/03/2017,419,NA,0,0,0,0,0,0,1,0,0,0,0,1,830,688900,571787000
27/03/2017,1588,NA,0,0,0,0,0,0,1,0,0,0,0,0,831,690561,573856191
28/03/2017,934,NA,0,0,0,0,0,0,1,0,0,0,0,0,832,692224,575930368
29/03/2017,1259,NA,0,0,0,0,0,0,1,0,0,0,0,0,833,693889,578009537
30/03/2017,1925,NA,0,0,0,0,0,0,1,0,0,0,0,0,834,695556,580093704
31/03/2017,1634,NA,0,0,0,0,0,0,1,0,0,0,0,0,835,697225,582182875
01/04/2017,1029,NA,0,0,0,0,0,0,0,0,0,0,0,1,836,698896,584277056
02/04/2017,1328,NA,0,0,0,0,0,0,0,0,0,0,0,1,837,700569,586376253
03/04/2017,2020,NA,0,0,0,0,0,0,0,0,0,0,0,0,838,702244,588480472
04/04/2017,1781,NA,0,0,0,0,0,0,0,0,0,0,0,0,839,703921,590589719
05/04/2017,1366,NA,0,0,0,0,0,0,0,0,0,0,0,0,840,705600,592704000
06/04/2017,1696,NA,0,0,0,0,0,0,0,0,0,0,0,0,841,707281,594823321
07/04/2017,1184,NA,0,0,0,0,0,0,0,0,0,0,0,0,842,708964,596947688
08/04/2017,788,NA,0,0,0,0,0,0,0,0,0,0,0,1,843,710649,599077107
09/04/2017,1211,NA,0,0,0,0,0,0,0,0,0,0,0,1,844,712336,601211584
10/04/2017,1780,NA,0,0,0,0,0,0,0,0,0,0,0,0,845,714025,603351125
11/04/2017,2111,NA,0,0,0,0,0,0,0,0,0,0,0,0,846,715716,605495736
12/04/2017,1270,NA,0,0,0,0,0,0,0,0,0,0,0,0,847,717409,607645423
13/04/2017,1633,NA,0,0,0,0,0,0,0,0,0,0,0,0,848,719104,609800192
14/04/2017,1337,NA,0,0,0,0,0,0,0,0,0,0,0,0,849,720801,611960049
15/04/2017,1292,NA,0,0,0,0,0,0,0,0,0,0,0,1,850,722500,614125000
16/04/2017,1377,NA,0,0,0,0,0,0,0,0,0,0,0,1,851,724201,616295051
17/04/2017,1377,NA,0,0,0,0,0,0,0,0,0,0,0,0,852,725904,618470208
18/04/2017,1926,NA,0,0,0,0,0,0,0,0,0,0,0,0,853,727609,620650477
19/04/2017,1815,NA,0,0,0,0,0,0,0,0,0,0,0,0,854,729316,622835864
20/04/2017,1979,NA,0,0,0,0,0,0,0,0,0,0,0,0,855,731025,625026375
21/04/2017,2150,NA,0,0,0,0,0,0,0,0,0,0,0,0,856,732736,627222016
22/04/2017,947,NA,0,0,0,0,0,0,0,0,0,0,0,1,857,734449,629422793
23/04/2017,1087,NA,0,0,0,0,0,0,0,0,0,0,0,1,858,736164,631628712
24/04/2017,2099,NA,0,0,0,0,0,0,0,0,0,0,0,0,859,737881,633839779
25/04/2017,1937,NA,0,0,0,0,0,0,0,0,0,0,0,0,860,739600,636056000
26/04/2017,1963,NA,0,0,0,0,0,0,0,0,0,0,0,0,861,741321,638277381
27/04/2017,1917,NA,0,0,0,0,0,0,0,0,0,0,0,0,862,743044,640503928
28/04/2017,2071,NA,0,0,0,0,0,0,0,0,0,0,0,0,863,744769,642735647
29/04/2017,702,NA,0,0,0,0,0,0,0,0,0,0,0,1,864,746496,644972544
30/04/2017,1473,NA,0,0,0,0,0,0,0,0,0,0,0,1,865,748225,647214625
01/05/2017,1626,NA,0,0,0,0,0,0,0,1,0,0,0,0,866,749956,649461896
02/05/2017,2303,NA,0,0,0,0,0,0,0,1,0,0,0,0,867,751689,651714363
03/05/2017,1855,NA,0,0,0,0,0,0,0,1,0,0,0,0,868,753424,653972032
04/05/2017,2757,NA,0,0,0,0,0,0,0,1,0,0,0,0,869,755161,656234909
05/05/2017,1643,NA,0,0,0,0,0,0,0,1,0,0,0,0,870,756900,658503000
06/05/2017,1515,NA,0,0,0,0,0,0,0,1,0,0,0,1,871,758641,660776311
07/05/2017,1816,NA,0,0,0,0,0,0,0,1,0,0,0,1,872,760384,663054848
08/05/2017,2275,NA,0,0,0,0,0,0,0,1,0,0,0,0,873,762129,665338617
09/05/2017,2616,NA,0,0,0,0,0,0,0,1,0,0,0,0,874,763876,667627624
10/05/2017,2381,NA,0,0,0,0,0,0,0,1,0,0,0,0,875,765625,669921875
11/05/2017,1582,NA,0,0,0,0,0,0,0,1,0,0,0,0,876,767376,672221376
12/05/2017,1990,NA,0,0,0,0,0,0,0,1,0,0,0,0,877,769129,674526133
13/05/2017,1221,NA,0,0,0,0,0,0,0,1,0,0,0,1,878,770884,676836152
14/05/2017,1166,NA,0,0,0,0,0,0,0,1,0,0,0,1,879,772641,679151439
15/05/2017,1486,NA,0,0,0,0,0,0,0,1,0,0,0,0,880,774400,681472000
16/05/2017,2155,NA,0,0,0,0,0,0,0,1,0,0,0,0,881,776161,683797841
17/05/2017,2387,NA,0,0,0,0,0,0,0,1,0,0,0,0,882,777924,686128968
18/05/2017,2351,NA,0,0,0,0,0,0,0,1,0,0,0,0,883,779689,688465387
19/05/2017,2242,NA,0,0,0,0,0,0,0,1,0,0,0,0,884,781456,690807104
20/05/2017,2052,NA,0,0,0,0,0,0,0,1,0,0,0,1,885,783225,693154125
21/05/2017,2033,NA,0,0,0,0,0,0,0,1,0,0,0,1,886,784996,695506456
22/05/2017,2290,NA,0,0,0,0,0,0,0,1,0,0,0,0,887,786769,697864103
23/05/2017,2390,NA,0,0,0,0,0,0,0,1,0,0,0,0,888,788544,700227072
24/05/2017,2413,NA,0,0,0,0,0,0,0,1,0,0,0,0,889,790321,702595369
25/05/2017,2803,NA,0,0,0,0,0,0,0,1,0,0,0,0,890,792100,704969000
26/05/2017,2623,NA,0,0,0,0,0,0,0,1,0,0,0,0,891,793881,707347971
27/05/2017,2121,NA,0,0,0,0,0,0,0,1,0,0,0,1,892,795664,709732288
28/05/2017,2262,NA,0,0,0,0,0,0,0,1,0,0,0,1,893,797449,712121957
29/05/2017,3869,NA,0,0,0,0,0,0,0,1,0,0,0,0,894,799236,714516984
30/05/2017,1960,NA,0,0,0,0,0,0,0,1,0,0,0,0,895,801025,716917375
31/05/2017,2804,NA,0,0,0,0,0,0,0,1,0,0,0,0,896,802816,719323136
01/06/2017,2672,NA,0,0,0,0,0,1,0,0,0,0,0,0,897,804609,721734273
02/06/2017,2508,NA,0,0,0,0,0,1,0,0,0,0,0,0,898,806404,724150792
03/06/2017,1725,NA,0,0,0,0,0,1,0,0,0,0,0,1,899,808201,726572699
04/06/2017,2250,NA,0,0,0,0,0,1,0,0,0,0,0,1,900,810000,7.29E+08
05/06/2017,2948,NA,0,0,0,0,0,1,0,0,0,0,0,0,901,811801,731432701
06/06/2017,3219,NA,0,0,0,0,0,1,0,0,0,0,0,0,902,813604,733870808
07/06/2017,2954,NA,0,0,0,0,0,1,0,0,0,0,0,0,903,815409,736314327
08/06/2017,1343,NA,0,0,0,0,0,1,0,0,0,0,0,0,904,817216,738763264
09/06/2017,2448,NA,0,0,0,0,0,1,0,0,0,0,0,0,905,819025,741217625
10/06/2017,1518,NA,0,0,0,0,0,1,0,0,0,0,0,1,906,820836,743677416
11/06/2017,2022,NA,0,0,0,0,0,1,0,0,0,0,0,1,907,822649,746142643
12/06/2017,2665,NA,0,0,0,0,0,1,0,0,0,0,0,0,908,824464,748613312
13/06/2017,2685,NA,0,0,0,0,0,1,0,0,0,0,0,0,909,826281,751089429
14/06/2017,2485,NA,0,0,0,0,0,1,0,0,0,0,0,0,910,828100,753571000
15/06/2017,1333,NA,0,0,0,0,0,1,0,0,0,0,0,0,911,829921,756058031
16/06/2017,2434,NA,0,0,0,0,0,1,0,0,0,0,0,0,912,831744,758550528
17/06/2017,1530,NA,0,0,0,0,0,1,0,0,0,0,0,1,913,833569,761048497
18/06/2017,982,NA,0,0,0,0,0,1,0,0,0,0,0,1,914,835396,763551944
19/06/2017,2428,NA,0,0,0,0,0,1,0,0,0,0,0,0,915,837225,766060875
20/06/2017,2844,NA,0,0,0,0,0,1,0,0,0,0,0,0,916,839056,768575296
21/06/2017,3011,NA,0,0,0,0,0,1,0,0,0,0,0,0,917,840889,771095213
22/06/2017,3127,NA,0,0,0,0,0,1,0,0,0,0,0,0,918,842724,773620632
23/06/2017,2784,NA,0,0,0,0,0,1,0,0,0,0,0,0,919,844561,776151559
24/06/2017,2202,NA,0,0,0,0,0,1,0,0,0,0,0,1,920,846400,778688000
25/06/2017,1982,NA,0,0,0,0,0,1,0,0,0,0,0,1,921,848241,781229961
26/06/2017,2976,NA,0,0,0,0,0,1,0,0,0,0,0,0,922,850084,783777448
27/06/2017,3039,NA,0,0,0,0,0,1,0,0,0,0,0,0,923,851929,786330467
28/06/2017,3023,NA,0,0,0,0,0,1,0,0,0,0,0,0,924,853776,788889024
29/06/2017,2949,NA,0,0,0,0,0,1,0,0,0,0,0,0,925,855625,791453125
30/06/2017,2959,NA,0,0,0,0,0,1,0,0,0,0,0,0,926,857476,794022776
01/07/2017,3222,NA,0,0,0,0,1,0,0,0,0,0,0,1,927,859329,796597983
02/07/2017,2082,NA,0,0,0,0,1,0,0,0,0,0,0,1,928,861184,799178752
03/07/2017,2049,NA,0,0,0,0,1,0,0,0,0,0,0,0,929,863041,801765089
04/07/2017,2898,NA,0,0,0,0,1,0,0,0,0,0,0,0,930,864900,804357000
05/07/2017,3186,NA,0,0,0,0,1,0,0,0,0,0,0,0,931,866761,806954491
06/07/2017,3154,NA,0,0,0,0,1,0,0,0,0,0,0,0,932,868624,809557568
07/07/2017,2575,NA,0,0,0,0,1,0,0,0,0,0,0,0,933,870489,812166237
08/07/2017,2133,NA,0,0,0,0,1,0,0,0,0,0,0,1,934,872356,814780504
09/07/2017,2007,NA,0,0,0,0,1,0,0,0,0,0,0,1,935,874225,817400375
10/07/2017,2731,NA,0,0,0,0,1,0,0,0,0,0,0,0,936,876096,820025856
11/07/2017,3179,NA,0,0,0,0,1,0,0,0,0,0,0,0,937,877969,822656953
12/07/2017,3186,NA,0,0,0,0,1,0,0,0,0,0,0,0,938,879844,825293672
13/07/2017,2754,NA,0,0,0,0,1,0,0,0,0,0,0,0,939,881721,827936019
14/07/2017,2863,NA,0,0,0,0,1,0,0,0,0,0,0,0,940,883600,830584000
15/07/2017,2161,NA,0,0,0,0,1,0,0,0,0,0,0,1,941,885481,833237621
16/07/2017,2277,NA,0,0,0,0,1,0,0,0,0,0,0,1,942,887364,835896888
17/07/2017,2816,NA,0,0,0,0,1,0,0,0,0,0,0,0,943,889249,838561807
18/07/2017,3139,NA,0,0,0,0,1,0,0,0,0,0,0,0,944,891136,841232384
19/07/2017,3082,NA,0,0,0,0,1,0,0,0,0,0,0,0,945,893025,843908625
20/07/2017,2521,NA,0,0,0,0,1,0,0,0,0,0,0,0,946,894916,846590536
21/07/2017,2344,NA,0,0,0,0,1,0,0,0,0,0,0,0,947,896809,849278123
22/07/2017,1672,NA,0,0,0,0,1,0,0,0,0,0,0,1,948,898704,851971392
23/07/2017,2023,NA,0,0,0,0,1,0,0,0,0,0,0,1,949,900601,854670349
24/07/2017,2960,NA,0,0,0,0,1,0,0,0,0,0,0,0,950,902500,857375000
25/07/2017,3122,NA,0,0,0,0,1,0,0,0,0,0,0,0,951,904401,860085351
26/07/2017,2967,NA,0,0,0,0,1,0,0,0,0,0,0,0,952,906304,862801408
27/07/2017,2874,NA,0,0,0,0,1,0,0,0,0,0,0,0,953,908209,865523177
28/07/2017,2751,NA,0,0,0,0,1,0,0,0,0,0,0,0,954,910116,868250664
29/07/2017,1942,NA,0,0,0,0,1,0,0,0,0,0,0,1,955,912025,870983875
30/07/2017,2154,NA,0,0,0,0,1,0,0,0,0,0,0,1,956,913936,873722816
31/07/2017,2825,NA,0,0,0,0,1,0,0,0,0,0,0,0,957,915849,876467493
01/08/2017,2928,NA,1,0,0,0,0,0,0,0,0,0,0,0,958,917764,879217912
02/08/2017,2886,NA,1,0,0,0,0,0,0,0,0,0,0,0,959,919681,881974079
03/08/2017,2640,NA,1,0,0,0,0,0,0,0,0,0,0,0,960,921600,884736000
04/08/2017,2396,NA,1,0,0,0,0,0,0,0,0,0,0,0,961,923521,887503681
05/08/2017,1747,NA,1,0,0,0,0,0,0,0,0,0,0,1,962,925444,890277128
06/08/2017,2027,NA,1,0,0,0,0,0,0,0,0,0,0,1,963,927369,893056347
07/08/2017,1934,NA,1,0,0,0,0,0,0,0,0,0,0,0,964,929296,895841344
08/08/2017,2688,NA,1,0,0,0,0,0,0,0,0,0,0,0,965,931225,898632125
09/08/2017,2909,NA,1,0,0,0,0,0,0,0,0,0,0,0,966,933156,901428696
10/08/2017,2780,NA,1,0,0,0,0,0,0,0,0,0,0,0,967,935089,904231063
11/08/2017,2550,NA,1,0,0,0,0,0,0,0,0,0,0,0,968,937024,907039232
12/08/2017,1593,NA,1,0,0,0,0,0,0,0,0,0,0,1,969,938961,909853209
13/08/2017,1398,NA,1,0,0,0,0,0,0,0,0,0,0,1,970,940900,912673000
14/08/2017,2576,NA,1,0,0,0,0,0,0,0,0,0,0,0,971,942841,915498611
15/08/2017,3051,NA,1,0,0,0,0,0,0,0,0,0,0,0,972,944784,918330048
16/08/2017,2698,NA,1,0,0,0,0,0,0,0,0,0,0,0,973,946729,921167317
17/08/2017,2830,NA,1,0,0,0,0,0,0,0,0,0,0,0,974,948676,924010424
18/08/2017,2439,NA,1,0,0,0,0,0,0,0,0,0,0,0,975,950625,926859375
19/08/2017,1913,NA,1,0,0,0,0,0,0,0,0,0,0,1,976,952576,929714176
20/08/2017,1963,NA,1,0,0,0,0,0,0,0,0,0,0,1,977,954529,932574833
21/08/2017,2640,NA,1,0,0,0,0,0,0,0,0,0,0,0,978,956484,935441352
22/08/2017,2921,NA,1,0,0,0,0,0,0,0,0,0,0,0,979,958441,938313739
23/08/2017,2751,NA,1,0,0,0,0,0,0,0,0,0,0,0,980,960400,941192000
24/08/2017,2684,NA,1,0,0,0,0,0,0,0,0,0,0,0,981,962361,944076141
25/08/2017,2561,NA,1,0,0,0,0,0,0,0,0,0,0,0,982,964324,946966168
26/08/2017,1813,NA,1,0,0,0,0,0,0,0,0,0,0,1,983,966289,949862087
27/08/2017,1954,NA,1,0,0,0,0,0,0,0,0,0,0,1,984,968256,952763904
28/08/2017,2806,NA,1,0,0,0,0,0,0,0,0,0,0,0,985,970225,955671625
29/08/2017,3022,NA,1,0,0,0,0,0,0,0,0,0,0,0,986,972196,958585256
30/08/2017,2664,NA,1,0,0,0,0,0,0,0,0,0,0,0,987,974169,961504803
31/08/2017,2896,NA,1,0,0,0,0,0,0,0,0,0,0,0,988,976144,964430272
01/09/2017,2629,NA,0,0,0,0,0,0,0,0,0,0,1,0,989,978121,967361669
02/09/2017,1979,NA,0,0,0,0,0,0,0,0,0,0,1,1,990,980100,970299000
03/09/2017,1874,NA,0,0,0,0,0,0,0,0,0,0,1,1,991,982081,973242271
04/09/2017,1871,NA,0,0,0,0,0,0,0,0,0,0,1,0,992,984064,976191488
05/09/2017,2358,NA,0,0,0,0,0,0,0,0,0,0,1,0,993,986049,979146657
06/09/2017,2524,NA,0,0,0,0,0,0,0,0,0,0,1,0,994,988036,982107784
07/09/2017,2582,NA,0,0,0,0,0,0,0,0,0,0,1,0,995,990025,985074875
08/09/2017,2049,NA,0,0,0,0,0,0,0,0,0,0,1,0,996,992016,988047936
09/09/2017,528,NA,0,0,0,0,0,0,0,0,0,0,1,1,997,994009,991026973
10/09/2017,1801,NA,0,0,0,0,0,0,0,0,0,0,1,1,998,996004,994011992
11/09/2017,2769,NA,0,0,0,0,0,0,0,0,0,0,1,0,999,998001,997002999
12/09/2017,2812,NA,0,0,0,0,0,0,0,0,0,0,1,0,1000,1.00E+06,1.00E+09
13/09/2017,2716,NA,0,0,0,0,0,0,0,0,0,0,1,0,1001,1002001,1003003001
14/09/2017,2756,NA,0,0,0,0,0,0,0,0,0,0,1,0,1002,1004004,1006012008
15/09/2017,2556,NA,0,0,0,0,0,0,0,0,0,0,1,0,1003,1006009,1009027027
16/09/2017,1755,NA,0,0,0,0,0,0,0,0,0,0,1,1,1004,1008016,1012048064
17/09/2017,770,NA,0,0,0,0,0,0,0,0,0,0,1,1,1005,1010025,1015075125
18/09/2017,1974,NA,0,0,0,0,0,0,0,0,0,0,1,0,1006,1012036,1018108216
19/09/2017,2082,NA,0,0,0,0,0,0,0,0,0,0,1,0,1007,1014049,1021147343
20/09/2017,2419,NA,0,0,0,0,0,0,0,0,0,0,1,0,1008,1016064,1024192512
21/09/2017,2542,NA,0,0,0,0,0,0,0,0,0,0,1,0,1009,1018081,1027243729
22/09/2017,2372,NA,0,0,0,0,0,0,0,0,0,0,1,0,1010,1020100,1030301000
23/09/2017,1580,NA,0,0,0,0,0,0,0,0,0,0,1,1,1011,1022121,1033364331
24/09/2017,1428,NA,0,0,0,0,0,0,0,0,0,0,1,1,1012,1024144,1036433728
25/09/2017,1606,NA,0,0,0,0,0,0,0,0,0,0,1,0,1013,1026169,1039509197
26/09/2017,2502,NA,0,0,0,0,0,0,0,0,0,0,1,0,1014,1028196,1042590744
27/09/2017,2710,NA,0,0,0,0,0,0,0,0,0,0,1,0,1015,1030225,1045678375
28/09/2017,2709,NA,0,0,0,0,0,0,0,0,0,0,1,0,1016,1032256,1048772096
29/09/2017,1526,NA,0,0,0,0,0,0,0,0,0,0,1,0,1017,1034289,1051871913
30/09/2017,868,NA,0,0,0,0,0,0,0,0,0,0,1,1,1018,1036324,1054977832
01/10/2017,1153,NA,0,0,0,0,0,0,0,0,0,1,0,1,1019,1038361,1058089859
02/10/2017,2413,NA,0,0,0,0,0,0,0,0,0,1,0,0,1020,1040400,1061208000
03/10/2017,2528,NA,0,0,0,0,0,0,0,0,0,1,0,0,1021,1042441,1064332261
04/10/2017,2508,NA,0,0,0,0,0,0,0,0,0,1,0,0,1022,1044484,1067462648
05/10/2017,2467,NA,0,0,0,0,0,0,0,0,0,1,0,0,1023,1046529,1070599167
06/10/2017,1578,NA,0,0,0,0,0,0,0,0,0,1,0,0,1024,1048576,1073741824
07/10/2017,917,NA,0,0,0,0,0,0,0,0,0,1,0,1,1025,1050625,1076890625
08/10/2017,1126,NA,0,0,0,0,0,0,0,0,0,1,0,1,1026,1052676,1080045576
09/10/2017,1178,NA,0,0,0,0,0,0,0,0,0,1,0,0,1027,1054729,1083206683
10/10/2017,1874,NA,0,0,0,0,0,0,0,0,0,1,0,0,1028,1056784,1086373952
11/10/2017,2045,NA,0,0,0,0,0,0,0,0,0,1,0,0,1029,1058841,1089547389
12/10/2017,1647,NA,0,0,0,0,0,0,0,0,0,1,0,0,1030,1060900,1092727000
13/10/2017,1677,NA,0,0,0,0,0,0,0,0,0,1,0,0,1031,1062961,1095912791
14/10/2017,778,NA,0,0,0,0,0,0,0,0,0,1,0,1,1032,1065024,1099104768
15/10/2017,1509,NA,0,0,0,0,0,0,0,0,0,1,0,1,1033,1067089,1102302937
16/10/2017,1880,NA,0,0,0,0,0,0,0,0,0,1,0,0,1034,1069156,1105507304
17/10/2017,1415,NA,0,0,0,0,0,0,0,0,0,1,0,0,1035,1071225,1108717875
18/10/2017,1086,NA,0,0,0,0,0,0,0,0,0,1,0,0,1036,1073296,1111934656
19/10/2017,1340,NA,0,0,0,0,0,0,0,0,0,1,0,0,1037,1075369,1115157653
20/10/2017,1446,NA,0,0,0,0,0,0,0,0,0,1,0,0,1038,1077444,1118386872
21/10/2017,252,NA,0,0,0,0,0,0,0,0,0,1,0,1,1039,1079521,1121622319
22/10/2017,552,NA,0,0,0,0,0,0,0,0,0,1,0,1,1040,1081600,1124864000
23/10/2017,1903,NA,0,0,0,0,0,0,0,0,0,1,0,0,1041,1083681,1128111921
24/10/2017,2303,NA,0,0,0,0,0,0,0,0,0,1,0,0,1042,1085764,1131366088
25/10/2017,1927,NA,0,0,0,0,0,0,0,0,0,1,0,0,1043,1087849,1134626507
26/10/2017,2253,NA,0,0,0,0,0,0,0,0,0,1,0,0,1044,1089936,1137893184
27/10/2017,2059,NA,0,0,0,0,0,0,0,0,0,1,0,0,1045,1092025,1141166125
28/10/2017,1438,NA,0,0,0,0,0,0,0,0,0,1,0,1,1046,1094116,1144445336
29/10/2017,1366,NA,0,0,0,0,0,0,0,0,0,1,0,1,1047,1096209,1147730823
30/10/2017,2257,NA,0,0,0,0,0,0,0,0,0,1,0,0,1048,1098304,1151022592
31/10/2017,2087,NA,0,0,0,0,0,0,0,0,0,1,0,0,1049,1100401,1154320649
01/11/2017,2082,NA,0,0,0,0,0,0,0,0,1,0,0,0,1050,1102500,1157625000
02/11/2017,1304,NA,0,0,0,0,0,0,0,0,1,0,0,0,1051,1104601,1160935651
03/11/2017,891,NA,0,0,0,0,0,0,0,0,1,0,0,0,1052,1106704,1164252608
04/11/2017,409,NA,0,0,0,0,0,0,0,0,1,0,0,1,1053,1108809,1167575877
05/11/2017,580,NA,0,0,0,0,0,0,0,0,1,0,0,1,1054,1110916,1170905464
06/11/2017,1640,NA,0,0,0,0,0,0,0,0,1,0,0,0,1055,1113025,1174241375
07/11/2017,1701,NA,0,0,0,0,0,0,0,0,1,0,0,0,1056,1115136,1177583616
08/11/2017,1588,NA,0,0,0,0,0,0,0,0,1,0,0,0,1057,1117249,1180932193
09/11/2017,1357,NA,0,0,0,0,0,0,0,0,1,0,0,0,1058,1119364,1184287112
10/11/2017,1552,NA,0,0,0,0,0,0,0,0,1,0,0,0,1059,1121481,1187648379
11/11/2017,715,NA,0,0,0,0,0,0,0,0,1,0,0,1,1060,1123600,1191016000
12/11/2017,372,NA,0,0,0,0,0,0,0,0,1,0,0,1,1061,1125721,1194389981
13/11/2017,374,NA,0,0,0,0,0,0,0,0,1,0,0,0,1062,1127844,1197770328
14/11/2017,1175,NA,0,0,0,0,0,0,0,0,1,0,0,0,1063,1129969,1201157047
15/11/2017,1605,NA,0,0,0,0,0,0,0,0,1,0,0,0,1064,1132096,1204550144
16/11/2017,1561,NA,0,0,0,0,0,0,0,0,1,0,0,0,1065,1134225,1207949625
17/11/2017,1432,NA,0,0,0,0,0,0,0,0,1,0,0,0,1066,1136356,1211355496
18/11/2017,807,NA,0,0,0,0,0,0,0,0,1,0,0,1,1067,1138489,1214767763
19/11/2017,351,NA,0,0,0,0,0,0,0,0,1,0,0,1,1068,1140624,1218186432
20/11/2017,1551,NA,0,0,0,0,0,0,0,0,1,0,0,0,1069,1142761,1221611509
21/11/2017,1059,NA,0,0,0,0,0,0,0,0,1,0,0,0,1070,1144900,1225043000
22/11/2017,1562,NA,0,0,0,0,0,0,0,0,1,0,0,0,1071,1147041,1228480911
23/11/2017,1222,NA,0,0,0,0,0,0,0,0,1,0,0,0,1072,1149184,1231925248
24/11/2017,1252,NA,0,0,0,0,0,0,0,0,1,0,0,0,1073,1151329,1235376017
25/11/2017,653,NA,0,0,0,0,0,0,0,0,1,0,0,1,1074,1153476,1238833224
26/11/2017,347,NA,0,0,0,0,0,0,0,0,1,0,0,1,1075,1155625,1242296875
27/11/2017,1617,NA,0,0,0,0,0,0,0,0,1,0,0,0,1076,1157776,1245766976
28/11/2017,1417,NA,0,0,0,0,0,0,0,0,1,0,0,0,1077,1159929,1249243533
29/11/2017,1594,NA,0,0,0,0,0,0,0,0,1,0,0,0,1078,1162084,1252726552
30/11/2017,1263,NA,0,0,0,0,0,0,0,0,1,0,0,0,1079,1164241,1256216039
01/12/2017,942,NA,0,1,0,0,0,0,0,0,0,0,0,0,1080,1166400,1259712000
02/12/2017,452,NA,0,1,0,0,0,0,0,0,0,0,0,1,1081,1168561,1263214441
03/12/2017,729,NA,0,1,0,0,0,0,0,0,0,0,0,1,1082,1170724,1266723368
04/12/2017,1488,NA,0,1,0,0,0,0,0,0,0,0,0,0,1083,1172889,1270238787
05/12/2017,1567,NA,0,1,0,0,0,0,0,0,0,0,0,0,1084,1175056,1273760704
06/12/2017,1620,NA,0,1,0,0,0,0,0,0,0,0,0,0,1085,1177225,1277289125
07/12/2017,1491,NA,0,1,0,0,0,0,0,0,0,0,0,0,1086,1179396,1280824056
08/12/2017,1148,NA,0,1,0,0,0,0,0,0,0,0,0,0,1087,1181569,1284365503
09/12/2017,566,NA,0,1,0,0,0,0,0,0,0,0,0,1,1088,1183744,1287913472
10/12/2017,656,NA,0,1,0,0,0,0,0,0,0,0,0,1,1089,1185921,1291467969
11/12/2017,1387,NA,0,1,0,0,0,0,0,0,0,0,0,0,1090,1188100,1295029000
12/12/2017,1460,NA,0,1,0,0,0,0,0,0,0,0,0,0,1091,1190281,1298596571
13/12/2017,1556,NA,0,1,0,0,0,0,0,0,0,0,0,0,1092,1192464,1302170688
14/12/2017,1514,NA,0,1,0,0,0,0,0,0,0,0,0,0,1093,1194649,1305751357
15/12/2017,1102,NA,0,1,0,0,0,0,0,0,0,0,0,0,1094,1196836,1309338584
16/12/2017,536,NA,0,1,0,0,0,0,0,0,0,0,0,1,1095,1199025,1312932375
17/12/2017,305,NA,0,1,0,0,0,0,0,0,0,0,0,1,1096,1201216,1316532736
18/12/2017,1307,NA,0,1,0,0,0,0,0,0,0,0,0,0,1097,1203409,1320139673
19/12/2017,648,NA,0,1,0,0,0,0,0,0,0,0,0,0,1098,1205604,1323753192
20/12/2017,991,NA,0,1,0,0,0,0,0,0,0,0,0,0,1099,1207801,1327373299
21/12/2017,793,NA,0,1,0,0,0,0,0,0,0,0,0,0,1100,1210000,1.33E+09
22/12/2017,862,NA,0,1,0,0,0,0,0,0,0,0,0,0,1101,1212201,1334633301
23/12/2017,392,NA,0,1,0,0,0,0,0,0,0,0,0,1,1102,1214404,1338273208
24/12/2017,246,NA,0,1,0,0,0,0,0,0,0,0,0,1,1103,1216609,1341919727
25/12/2017,71,NA,0,1,0,0,0,0,0,0,0,0,0,0,1104,1218816,1345572864
26/12/2017,345,NA,0,1,0,0,0,0,0,0,0,0,0,0,1105,1221025,1349232625
27/12/2017,644,NA,0,1,0,0,0,0,0,0,0,0,0,0,1106,1223236,1352899016
28/12/2017,395,NA,0,1,0,0,0,0,0,0,0,0,0,0,1107,1225449,1356572043
29/12/2017,389,NA,0,1,0,0,0,0,0,0,0,0,0,0,1108,1227664,1360251712
30/12/2017,530,NA,0,1,0,0,0,0,0,0,0,0,0,1,1109,1229881,1363938029
31/12/2017,434,NA,0,1,0,0,0,0,0,0,0,0,0,1,1110,1232100,1367631000
01/01/2018,466,NA,0,0,0,1,0,0,0,0,0,0,0,0,1111,1234321,1371330631
02/01/2018,1153,NA,0,0,0,1,0,0,0,0,0,0,0,0,1112,1236544,1375036928
03/01/2018,1333,NA,0,0,0,1,0,0,0,0,0,0,0,0,1113,1238769,1378749897
04/01/2018,1161,NA,0,0,0,1,0,0,0,0,0,0,0,0,1114,1240996,1382469544
05/01/2018,875,NA,0,0,0,1,0,0,0,0,0,0,0,0,1115,1243225,1386195875
06/01/2018,812,NA,0,0,0,1,0,0,0,0,0,0,0,1,1116,1245456,1389928896
07/01/2018,235,NA,0,0,0,1,0,0,0,0,0,0,0,1,1117,1247689,1393668613
08/01/2018,1295,NA,0,0,0,1,0,0,0,0,0,0,0,0,1118,1249924,1397415032
09/01/2018,1633,NA,0,0,0,1,0,0,0,0,0,0,0,0,1119,1252161,1401168159
10/01/2018,1460,NA,0,0,0,1,0,0,0,0,0,0,0,0,1120,1254400,1404928000
11/01/2018,905,NA,0,0,0,1,0,0,0,0,0,0,0,0,1121,1256641,1408694561
12/01/2018,1121,NA,0,0,0,1,0,0,0,0,0,0,0,0,1122,1258884,1412467848
13/01/2018,474,NA,0,0,0,1,0,0,0,0,0,0,0,1,1123,1261129,1416247867
14/01/2018,1069,NA,0,0,0,1,0,0,0,0,0,0,0,1,1124,1263376,1420034624
15/01/2018,1591,NA,0,0,0,1,0,0,0,0,0,0,0,0,1125,1265625,1423828125
16/01/2018,1635,NA,0,0,0,1,0,0,0,0,0,0,0,0,1126,1267876,1427628376
17/01/2018,1218,NA,0,0,0,1,0,0,0,0,0,0,0,0,1127,1270129,1431435383
18/01/2018,1330,NA,0,0,0,1,0,0,0,0,0,0,0,0,1128,1272384,1435249152
19/01/2018,1258,NA,0,0,0,1,0,0,0,0,0,0,0,0,1129,1274641,1439069689
20/01/2018,700,NA,0,0,0,1,0,0,0,0,0,0,0,1,1130,1276900,1442897000
21/01/2018,294,NA,0,0,0,1,0,0,0,0,0,0,0,1,1131,1279161,1446731091
22/01/2018,1295,NA,0,0,0,1,0,0,0,0,0,0,0,0,1132,1281424,1450571968
23/01/2018,1027,NA,0,0,0,1,0,0,0,0,0,0,0,0,1133,1283689,1454419637
24/01/2018,1378,NA,0,0,0,1,0,0,0,0,0,0,0,0,1134,1285956,1458274104
25/01/2018,1373,NA,0,0,0,1,0,0,0,0,0,0,0,0,1135,1288225,1462135375
26/01/2018,1091,NA,0,0,0,1,0,0,0,0,0,0,0,0,1136,1290496,1466003456
27/01/2018,383,NA,0,0,0,1,0,0,0,0,0,0,0,1,1137,1292769,1469878353
28/01/2018,189,NA,0,0,0,1,0,0,0,0,0,0,0,1,1138,1295044,1473760072
29/01/2018,314,NA,0,0,0,1,0,0,0,0,0,0,0,0,1139,1297321,1477648619
30/01/2018,1141,NA,0,0,0,1,0,0,0,0,0,0,0,0,1140,1299600,1481544000
31/01/2018,1215,NA,0,0,0,1,0,0,0,0,0,0,0,0,1141,1301881,1485446221
01/02/2018,1008,NA,0,0,1,0,0,0,0,0,0,0,0,0,1142,1304164,1489355288
02/02/2018,1120,NA,0,0,1,0,0,0,0,0,0,0,0,0,1143,1306449,1493271207
03/02/2018,604,NA,0,0,1,0,0,0,0,0,0,0,0,1,1144,1308736,1497193984
04/02/2018,590,NA,0,0,1,0,0,0,0,0,0,0,0,1,1145,1311025,1501123625
05/02/2018,1568,NA,0,0,1,0,0,0,0,0,0,0,0,0,1146,1313316,1505060136
06/02/2018,1517,NA,0,0,1,0,0,0,0,0,0,0,0,0,1147,1315609,1509003523
07/02/2018,1418,NA,0,0,1,0,0,0,0,0,0,0,0,0,1148,1317904,1512953792
08/02/2018,1597,NA,0,0,1,0,0,0,0,0,0,0,0,0,1149,1320201,1516910949
09/02/2018,1395,NA,0,0,1,0,0,0,0,0,0,0,0,0,1150,1322500,1520875000
10/02/2018,982,NA,0,0,1,0,0,0,0,0,0,0,0,1,1151,1324801,1524845951
11/02/2018,647,NA,0,0,1,0,0,0,0,0,0,0,0,1,1152,1327104,1528823808
12/02/2018,995,NA,0,0,1,0,0,0,0,0,0,0,0,0,1153,1329409,1532808577
13/02/2018,1353,NA,0,0,1,0,0,0,0,0,0,0,0,0,1154,1331716,1536800264
14/02/2018,1443,NA,0,0,1,0,0,0,0,0,0,0,0,0,1155,1334025,1540798875
15/02/2018,1428,NA,0,0,1,0,0,0,0,0,0,0,0,0,1156,1336336,1544804416
16/02/2018,1133,NA,0,0,1,0,0,0,0,0,0,0,0,0,1157,1338649,1548816893
17/02/2018,293,NA,0,0,1,0,0,0,0,0,0,0,0,1,1158,1340964,1552836312
18/02/2018,225,NA,0,0,1,0,0,0,0,0,0,0,0,1,1159,1343281,1556862679
19/02/2018,1156,NA,0,0,1,0,0,0,0,0,0,0,0,0,1160,1345600,1560896000
20/02/2018,1319,NA,0,0,1,0,0,0,0,0,0,0,0,0,1161,1347921,1564936281
21/02/2018,880,NA,0,0,1,0,0,0,0,0,0,0,0,0,1162,1350244,1568983528
22/02/2018,315,NA,0,0,1,0,0,0,0,0,0,0,0,0,1163,1352569,1573037747
23/02/2018,409,NA,0,0,1,0,0,0,0,0,0,0,0,0,1164,1354896,1577098944
24/02/2018,665,NA,0,0,1,0,0,0,0,0,0,0,0,1,1165,1357225,1581167125
25/02/2018,378,NA,0,0,1,0,0,0,0,0,0,0,0,1,1166,1359556,1585242296
26/02/2018,1390,NA,0,0,1,0,0,0,0,0,0,0,0,0,1167,1361889,1589324463
27/02/2018,1455,NA,0,0,1,0,0,0,0,0,0,0,0,0,1168,1364224,1593413632
28/02/2018,1162,NA,0,0,1,0,0,0,0,0,0,0,0,0,1169,1366561,1597509809
01/03/2018,1510,NA,0,0,0,0,0,0,1,0,0,0,0,0,1170,1368900,1601613000
02/03/2018,1053,NA,0,0,0,0,0,0,1,0,0,0,0,0,1171,1371241,1605723211
03/03/2018,1126,NA,0,0,0,0,0,0,1,0,0,0,0,1,1172,1373584,1609840448
04/03/2018,928,NA,0,0,0,0,0,0,1,0,0,0,0,1,1173,1375929,1613964717
05/03/2018,1583,NA,0,0,0,0,0,0,1,0,0,0,0,0,1174,1378276,1618096024
06/03/2018,1869,NA,0,0,0,0,0,0,1,0,0,0,0,0,1175,1380625,1622234375
07/03/2018,1670,NA,0,0,0,0,0,0,1,0,0,0,0,0,1176,1382976,1626379776
08/03/2018,1313,NA,0,0,0,0,0,0,1,0,0,0,0,0,1177,1385329,1630532233
09/03/2018,1555,NA,0,0,0,0,0,0,1,0,0,0,0,0,1178,1387684,1634691752
10/03/2018,1322,NA,0,0,0,0,0,0,1,0,0,0,0,1,1179,1390041,1638858339
11/03/2018,1368,NA,0,0,0,0,0,0,1,0,0,0,0,1,1180,1392400,1643032000
12/03/2018,2051,NA,0,0,0,0,0,0,1,0,0,0,0,0,1181,1394761,1647212741
13/03/2018,1505,NA,0,0,0,0,0,0,1,0,0,0,0,0,1182,1397124,1651400568
14/03/2018,1831,NA,0,0,0,0,0,0,1,0,0,0,0,0,1183,1399489,1655595487
15/03/2018,2014,NA,0,0,0,0,0,0,1,0,0,0,0,0,1184,1401856,1659797504
16/03/2018,1911,NA,0,0,0,0,0,0,1,0,0,0,0,0,1185,1404225,1664006625
17/03/2018,1394,NA,0,0,0,0,0,0,1,0,0,0,0,1,1186,1406596,1668222856
18/03/2018,1074,NA,0,0,0,0,0,0,1,0,0,0,0,1,1187,1408969,1672446203
19/03/2018,1911,NA,0,0,0,0,0,0,1,0,0,0,0,0,1188,1411344,1676676672
20/03/2018,1886,NA,0,0,0,0,0,0,1,0,0,0,0,0,1189,1413721,1680914269
21/03/2018,1905,NA,0,0,0,0,0,0,1,0,0,0,0,0,1190,1416100,1685159000
22/03/2018,1205,NA,0,0,0,0,0,0,1,0,0,0,0,0,1191,1418481,1689410871
23/03/2018,1538,NA,0,0,0,0,0,0,1,0,0,0,0,0,1192,1420864,1693669888
24/03/2018,1271,NA,0,0,0,0,0,0,1,0,0,0,0,1,1193,1423249,1697936057
25/03/2018,1259,NA,0,0,0,0,0,0,1,0,0,0,0,1,1194,1425636,1702209384
26/03/2018,1248,NA,0,0,0,0,0,0,1,0,0,0,0,0,1195,1428025,1706489875
27/03/2018,1585,NA,0,0,0,0,0,0,1,0,0,0,0,0,1196,1430416,1710777536
28/03/2018,1821,NA,0,0,0,0,0,0,1,0,0,0,0,0,1197,1432809,1715072373
29/03/2018,1189,NA,0,0,0,0,0,0,1,0,0,0,0,0,1198,1435204,1719374392
30/03/2018,1410,NA,0,0,0,0,0,0,1,0,0,0,0,0,1199,1437601,1723683599
31/03/2018,2002,NA,0,0,0,0,0,0,1,0,0,0,0,1,1200,1440000,1.73E+09
01/04/2018,1221,NA,0,0,0,0,0,0,0,0,0,0,0,1,1201,1442401,1732323601
02/04/2018,1768,NA,0,0,0,0,0,0,0,0,0,0,0,0,1202,1444804,1736654408
03/04/2018,2079,NA,0,0,0,0,0,0,0,0,0,0,0,0,1203,1447209,1740992427
04/04/2018,1490,NA,0,0,0,0,0,0,0,0,0,0,0,0,1204,1449616,1745337664
05/04/2018,1158,NA,0,0,0,0,0,0,0,0,0,0,0,0,1205,1452025,1749690125
06/04/2018,1748,NA,0,0,0,0,0,0,0,0,0,0,0,0,1206,1454436,1754049816
07/04/2018,983,NA,0,0,0,0,0,0,0,0,0,0,0,1,1207,1456849,1758416743
08/04/2018,981,NA,0,0,0,0,0,0,0,0,0,0,0,1,1208,1459264,1762790912
09/04/2018,2358,NA,0,0,0,0,0,0,0,0,0,0,0,0,1209,1461681,1767172329
10/04/2018,2089,NA,0,0,0,0,0,0,0,0,0,0,0,0,1210,1464100,1771561000
11/04/2018,1767,NA,0,0,0,0,0,0,0,0,0,0,0,0,1211,1466521,1775956931
12/04/2018,2266,NA,0,0,0,0,0,0,0,0,0,0,0,0,1212,1468944,1780360128
13/04/2018,1226,NA,0,0,0,0,0,0,0,0,0,0,0,0,1213,1471369,1784770597
14/04/2018,1242,NA,0,0,0,0,0,0,0,0,0,0,0,1,1214,1473796,1789188344
15/04/2018,1314,NA,0,0,0,0,0,0,0,0,0,0,0,1,1215,1476225,1793613375
16/04/2018,1175,NA,0,0,0,0,0,0,0,0,0,0,0,0,1216,1478656,1798045696
17/04/2018,1995,NA,0,0,0,0,0,0,0,0,0,0,0,0,1217,1481089,1802485313
18/04/2018,1826,NA,0,0,0,0,0,0,0,0,0,0,0,0,1218,1483524,1806932232
19/04/2018,2137,NA,0,0,0,0,0,0,0,0,0,0,0,0,1219,1485961,1811386459
20/04/2018,1824,NA,0,0,0,0,0,0,0,0,0,0,0,0,1220,1488400,1815848000
21/04/2018,1360,NA,0,0,0,0,0,0,0,0,0,0,0,1,1221,1490841,1820316861
22/04/2018,2202,NA,0,0,0,0,0,0,0,0,0,0,0,1,1222,1493284,1824793048
23/04/2018,2696,NA,0,0,0,0,0,0,0,0,0,0,0,0,1223,1495729,1829276567
24/04/2018,2905,NA,0,0,0,0,0,0,0,0,0,0,0,0,1224,1498176,1833767424
25/04/2018,2970,NA,0,0,0,0,0,0,0,0,0,0,0,0,1225,1500625,1838265625
26/04/2018,3040,NA,0,0,0,0,0,0,0,0,0,0,0,0,1226,1503076,1842771176
27/04/2018,2697,NA,0,0,0,0,0,0,0,0,0,0,0,0,1227,1505529,1847284083
28/04/2018,468,NA,0,0,0,0,0,0,0,0,0,0,0,1,1228,1507984,1851804352
29/04/2018,1404,NA,0,0,0,0,0,0,0,0,0,0,0,1,1229,1510441,1856331989
30/04/2018,2058,NA,0,0,0,0,0,0,0,0,0,0,0,0,1230,1512900,1860867000
01/05/2018,3068,NA,0,0,0,0,0,0,0,1,0,0,0,0,1231,1515361,1865409391
02/05/2018,3123,NA,0,0,0,0,0,0,0,1,0,0,0,0,1232,1517824,1869959168
03/05/2018,2923,NA,0,0,0,0,0,0,0,1,0,0,0,0,1233,1520289,1874516337
04/05/2018,2374,NA,0,0,0,0,0,0,0,1,0,0,0,0,1234,1522756,1879080904
05/05/2018,2281,NA,0,0,0,0,0,0,0,1,0,0,0,1,1235,1525225,1883652875
06/05/2018,2207,NA,0,0,0,0,0,0,0,1,0,0,0,1,1236,1527696,1888232256
07/05/2018,3090,NA,0,0,0,0,0,0,0,1,0,0,0,0,1237,1530169,1892819053
08/05/2018,3147,NA,0,0,0,0,0,0,0,1,0,0,0,0,1238,1532644,1897413272
09/05/2018,2790,NA,0,0,0,0,0,0,0,1,0,0,0,0,1239,1535121,1902014919
10/05/2018,1594,NA,0,0,0,0,0,0,0,1,0,0,0,0,1240,1537600,1906624000
11/05/2018,2972,NA,0,0,0,0,0,0,0,1,0,0,0,0,1241,1540081,1911240521
12/05/2018,2204,NA,0,0,0,0,0,0,0,1,0,0,0,1,1242,1542564,1915864488
13/05/2018,2224,NA,0,0,0,0,0,0,0,1,0,0,0,1,1243,1545049,1920495907
14/05/2018,3291,NA,0,0,0,0,0,0,0,1,0,0,0,0,1244,1547536,1925134784
15/05/2018,3357,NA,0,0,0,0,0,0,0,1,0,0,0,0,1245,1550025,1929781125
16/05/2018,3074,NA,0,0,0,0,0,0,0,1,0,0,0,0,1246,1552516,1934434936
17/05/2018,2947,NA,0,0,0,0,0,0,0,1,0,0,0,0,1247,1555009,1939096223
18/05/2018,2506,NA,0,0,0,0,0,0,0,1,0,0,0,0,1248,1557504,1943764992
19/05/2018,2071,NA,0,0,0,0,0,0,0,1,0,0,0,1,1249,1560001,1948441249
20/05/2018,2022,NA,0,0,0,0,0,0,0,1,0,0,0,1,1250,1562500,1953125000
21/05/2018,2096,NA,0,0,0,0,0,0,0,1,0,0,0,0,1251,1565001,1957816251
22/05/2018,3285,NA,0,0,0,0,0,0,0,1,0,0,0,0,1252,1567504,1962515008
23/05/2018,3422,NA,0,0,0,0,0,0,0,1,0,0,0,0,1253,1570009,1967221277
24/05/2018,3212,NA,0,0,0,0,0,0,0,1,0,0,0,0,1254,1572516,1971935064
25/05/2018,3040,NA,0,0,0,0,0,0,0,1,0,0,0,0,1255,1575025,1976656375
26/05/2018,2130,NA,0,0,0,0,0,0,0,1,0,0,0,1,1256,1577536,1981385216
27/05/2018,2532,NA,0,0,0,0,0,0,0,1,0,0,0,1,1257,1580049,1986121593
28/05/2018,3833,NA,0,0,0,0,0,0,0,1,0,0,0,0,1258,1582564,1990865512
29/05/2018,3666,NA,0,0,0,0,0,0,0,1,0,0,0,0,1259,1585081,1995616979
30/05/2018,3547,NA,0,0,0,0,0,0,0,1,0,0,0,0,1260,1587600,2000376000
31/05/2018,3444,NA,0,0,0,0,0,0,0,1,0,0,0,0,1261,1590121,2005142581
01/06/2018,2962,NA,0,0,0,0,0,1,0,0,0,0,0,0,1262,1592644,2009916728
02/06/2018,2261,NA,0,0,0,0,0,1,0,0,0,0,0,1,1263,1595169,2014698447
03/06/2018,1085,NA,0,0,0,0,0,1,0,0,0,0,0,1,1264,1597696,2019487744
04/06/2018,3040,NA,0,0,0,0,0,1,0,0,0,0,0,0,1265,1600225,2024284625
05/06/2018,2911,NA,0,0,0,0,0,1,0,0,0,0,0,0,1266,1602756,2029089096
06/06/2018,3172,NA,0,0,0,0,0,1,0,0,0,0,0,0,1267,1605289,2033901163
07/06/2018,2712,NA,0,0,0,0,0,1,0,0,0,0,0,0,1268,1607824,2038720832
08/06/2018,1761,NA,0,0,0,0,0,1,0,0,0,0,0,0,1269,1610361,2043548109
09/06/2018,1708,NA,0,0,0,0,0,1,0,0,0,0,0,1,1270,1612900,2048383000
10/06/2018,1809,NA,0,0,0,0,0,1,0,0,0,0,0,1,1271,1615441,2053225511
11/06/2018,3211,NA,0,0,0,0,0,1,0,0,0,0,0,0,1272,1617984,2058075648
12/06/2018,2950,NA,0,0,0,0,0,1,0,0,0,0,0,0,1273,1620529,2062933417
13/06/2018,2375,NA,0,0,0,0,0,1,0,0,0,0,0,0,1274,1623076,2067798824
14/06/2018,3183,NA,0,0,0,0,0,1,0,0,0,0,0,0,1275,1625625,2072671875
15/06/2018,2674,NA,0,0,0,0,0,1,0,0,0,0,0,0,1276,1628176,2077552576
16/06/2018,2590,NA,0,0,0,0,0,1,0,0,0,0,0,1,1277,1630729,2082440933
17/06/2018,2809,NA,0,0,0,0,0,1,0,0,0,0,0,1,1278,1633284,2087336952
18/06/2018,3378,NA,0,0,0,0,0,1,0,0,0,0,0,0,1279,1635841,2092240639
19/06/2018,3586,NA,0,0,0,0,0,1,0,0,0,0,0,0,1280,1638400,2097152000
20/06/2018,3301,NA,0,0,0,0,0,1,0,0,0,0,0,0,1281,1640961,2102071041
21/06/2018,3308,NA,0,0,0,0,0,1,0,0,0,0,0,0,1282,1643524,2106997768
22/06/2018,2585,NA,0,0,0,0,0,1,0,0,0,0,0,0,1283,1646089,2111932187
23/06/2018,2200,NA,0,0,0,0,0,1,0,0,0,0,0,1,1284,1648656,2116874304
24/06/2018,2185,NA,0,0,0,0,0,1,0,0,0,0,0,1,1285,1651225,2121824125
25/06/2018,2887,NA,0,0,0,0,0,1,0,0,0,0,0,0,1286,1653796,2126781656
26/06/2018,3435,NA,0,0,0,0,0,1,0,0,0,0,0,0,1287,1656369,2131746903
27/06/2018,3244,NA,0,0,0,0,0,1,0,0,0,0,0,0,1288,1658944,2136719872
28/06/2018,2666,NA,0,0,0,0,0,1,0,0,0,0,0,0,1289,1661521,2141700569
29/06/2018,2094,NA,0,0,0,0,0,1,0,0,0,0,0,0,1290,1664100,2146689000
30/06/2018,1024,NA,0,0,0,0,0,1,0,0,0,0,0,1,1291,1666681,2151685171
01/07/2018,2647,NA,0,0,0,0,1,0,0,0,0,0,0,1,1292,1669264,2156689088
02/07/2018,2131,NA,0,0,0,0,1,0,0,0,0,0,0,0,1293,1671849,2161700757
03/07/2018,3266,NA,0,0,0,0,1,0,0,0,0,0,0,0,1294,1674436,2166720184
04/07/2018,3276,NA,0,0,0,0,1,0,0,0,0,0,0,0,1295,1677025,2171747375
05/07/2018,3221,NA,0,0,0,0,1,0,0,0,0,0,0,0,1296,1679616,2176782336
06/07/2018,3075,NA,0,0,0,0,1,0,0,0,0,0,0,0,1297,1682209,2181825073
07/07/2018,2044,NA,0,0,0,0,1,0,0,0,0,0,0,1,1298,1684804,2186875592
08/07/2018,2537,NA,0,0,0,0,1,0,0,0,0,0,0,1,1299,1687401,2191933899
09/07/2018,2827,NA,0,0,0,0,1,0,0,0,0,0,0,0,1300,1690000,2.20E+09
10/07/2018,3416,NA,0,0,0,0,1,0,0,0,0,0,0,0,1301,1692601,2202073901
11/07/2018,3496,NA,0,0,0,0,1,0,0,0,0,0,0,0,1302,1695204,2207155608
12/07/2018,3273,NA,0,0,0,0,1,0,0,0,0,0,0,0,1303,1697809,2212245127
13/07/2018,3106,NA,0,0,0,0,1,0,0,0,0,0,0,0,1304,1700416,2217342464
14/07/2018,2706,NA,0,0,0,0,1,0,0,0,0,0,0,1,1305,1703025,2222447625
15/07/2018,2699,NA,0,0,0,0,1,0,0,0,0,0,0,1,1306,1705636,2227560616
16/07/2018,3189,NA,0,0,0,0,1,0,0,0,0,0,0,0,1307,1708249,2232681443
17/07/2018,3498,NA,0,0,0,0,1,0,0,0,0,0,0,0,1308,1710864,2237810112
18/07/2018,3442,NA,0,0,0,0,1,0,0,0,0,0,0,0,1309,1713481,2242946629
19/07/2018,3201,NA,0,0,0,0,1,0,0,0,0,0,0,0,1310,1716100,2248091000
20/07/2018,2925,NA,0,0,0,0,1,0,0,0,0,0,0,0,1311,1718721,2253243231
21/07/2018,2379,NA,0,0,0,0,1,0,0,0,0,0,0,1,1312,1721344,2258403328
22/07/2018,2255,NA,0,0,0,0,1,0,0,0,0,0,0,1,1313,1723969,2263571297
23/07/2018,3274,NA,0,0,0,0,1,0,0,0,0,0,0,0,1314,1726596,2268747144
24/07/2018,3435,NA,0,0,0,0,1,0,0,0,0,0,0,0,1315,1729225,2273930875
25/07/2018,3453,NA,0,0,0,0,1,0,0,0,0,0,0,0,1316,1731856,2279122496
26/07/2018,3271,NA,0,0,0,0,1,0,0,0,0,0,0,0,1317,1734489,2284322013
27/07/2018,3001,NA,0,0,0,0,1,0,0,0,0,0,0,0,1318,1737124,2289529432
28/07/2018,2308,NA,0,0,0,0,1,0,0,0,0,0,0,1,1319,1739761,2294744759
29/07/2018,2379,NA,0,0,0,0,1,0,0,0,0,0,0,1,1320,1742400,2299968000
30/07/2018,2986,NA,0,0,0,0,1,0,0,0,0,0,0,0,1321,1745041,2305199161
31/07/2018,3330,NA,0,0,0,0,1,0,0,0,0,0,0,0,1322,1747684,2310438248
01/08/2018,3301,NA,1,0,0,0,0,0,0,0,0,0,0,0,1323,1750329,2315685267
02/08/2018,2891,NA,1,0,0,0,0,0,0,0,0,0,0,0,1324,1752976,2320940224
03/08/2018,2635,NA,1,0,0,0,0,0,0,0,0,0,0,0,1325,1755625,2326203125
04/08/2018,2400,NA,1,0,0,0,0,0,0,0,0,0,0,1,1326,1758276,2331473976
05/08/2018,2582,NA,1,0,0,0,0,0,0,0,0,0,0,1,1327,1760929,2336752783
06/08/2018,2429,NA,1,0,0,0,0,0,0,0,0,0,0,0,1328,1763584,2342039552
07/08/2018,3124,NA,1,0,0,0,0,0,0,0,0,0,0,0,1329,1766241,2347334289
08/08/2018,3273,NA,1,0,0,0,0,0,0,0,0,0,0,0,1330,1768900,2352637000
09/08/2018,3265,NA,1,0,0,0,0,0,0,0,0,0,0,0,1331,1771561,2357947691
10/08/2018,2865,NA,1,0,0,0,0,0,0,0,0,0,0,0,1332,1774224,2363266368
11/08/2018,1683,NA,1,0,0,0,0,0,0,0,0,0,0,1,1333,1776889,2368593037
12/08/2018,2105,NA,1,0,0,0,0,0,0,0,0,0,0,1,1334,1779556,2373927704
13/08/2018,2917,NA,1,0,0,0,0,0,0,0,0,0,0,0,1335,1782225,2379270375
14/08/2018,3165,NA,1,0,0,0,0,0,0,0,0,0,0,0,1336,1784896,2384621056
15/08/2018,3078,NA,1,0,0,0,0,0,0,0,0,0,0,0,1337,1787569,2389979753
16/08/2018,3119,NA,1,0,0,0,0,0,0,0,0,0,0,0,1338,1790244,2395346472
17/08/2018,2914,NA,1,0,0,0,0,0,0,0,0,0,0,0,1339,1792921,2400721219
18/08/2018,2229,NA,1,0,0,0,0,0,0,0,0,0,0,1,1340,1795600,2406104000
19/08/2018,1942,NA,1,0,0,0,0,0,0,0,0,0,0,1,1341,1798281,2411494821
20/08/2018,2433,NA,1,0,0,0,0,0,0,0,0,0,0,0,1342,1800964,2416893688
21/08/2018,2239,NA,1,0,0,0,0,0,0,0,0,0,0,0,1343,1803649,2422300607
22/08/2018,2408,NA,1,0,0,0,0,0,0,0,0,0,0,0,1344,1806336,2427715584
23/08/2018,2471,NA,1,0,0,0,0,0,0,0,0,0,0,0,1345,1809025,2433138625
24/08/2018,2510,NA,1,0,0,0,0,0,0,0,0,0,0,0,1346,1811716,2438569736
25/08/2018,1383,NA,1,0,0,0,0,0,0,0,0,0,0,1,1347,1814409,2444008923
26/08/2018,1522,NA,1,0,0,0,0,0,0,0,0,0,0,1,1348,1817104,2449456192
27/08/2018,3116,NA,1,0,0,0,0,0,0,0,0,0,0,0,1349,1819801,2454911549
28/08/2018,3412,NA,1,0,0,0,0,0,0,0,0,0,0,0,1350,1822500,2460375000
29/08/2018,2638,NA,1,0,0,0,0,0,0,0,0,0,0,0,1351,1825201,2465846551
30/08/2018,2965,NA,1,0,0,0,0,0,0,0,0,0,0,0,1352,1827904,2471326208
31/08/2018,2565,NA,1,0,0,0,0,0,0,0,0,0,0,0,1353,1830609,2476813977
01/09/2018,2099,NA,0,0,0,0,0,0,0,0,0,0,1,1,1354,1833316,2482309864
02/09/2018,2210,NA,0,0,0,0,0,0,0,0,0,0,1,1,1355,1836025,2487813875
03/09/2018,2180,NA,0,0,0,0,0,0,0,0,0,0,1,0,1356,1838736,2493326016
04/09/2018,3027,NA,0,0,0,0,0,0,0,0,0,0,1,0,1357,1841449,2498846293
05/09/2018,3375,NA,0,0,0,0,0,0,0,0,0,0,1,0,1358,1844164,2504374712
06/09/2018,3285,NA,0,0,0,0,0,0,0,0,0,0,1,0,1359,1846881,2509911279
07/09/2018,2261,NA,0,0,0,0,0,0,0,0,0,0,1,0,1360,1849600,2515456000
08/09/2018,1270,NA,0,0,0,0,0,0,0,0,0,0,1,1,1361,1852321,2521008881
09/09/2018,751,NA,0,0,0,0,0,0,0,0,0,0,1,1,1362,1855044,2526569928
10/09/2018,2433,NA,0,0,0,0,0,0,0,0,0,0,1,0,1363,1857769,2532139147
11/09/2018,2363,NA,0,0,0,0,0,0,0,0,0,0,1,0,1364,1860496,2537716544
12/09/2018,2794,NA,0,0,0,0,0,0,0,0,0,0,1,0,1365,1863225,2543302125
13/09/2018,2680,NA,0,0,0,0,0,0,0,0,0,0,1,0,1366,1865956,2548895896
14/09/2018,2249,NA,0,0,0,0,0,0,0,0,0,0,1,0,1367,1868689,2554497863
15/09/2018,901,NA,0,0,0,0,0,0,0,0,0,0,1,1,1368,1871424,2560108032
16/09/2018,935,NA,0,0,0,0,0,0,0,0,0,0,1,1,1369,1874161,2565726409
17/09/2018,NA,2713,0,0,0,0,0,0,0,0,0,0,1,0,1370,1876900,2571353000
18/09/2018,NA,3100,0,0,0,0,0,0,0,0,0,0,1,0,1371,1879641,2576987811
19/09/2018,NA,2788,0,0,0,0,0,0,0,0,0,0,1,0,1372,1882384,2582630848
20/09/2018,NA,2210,0,0,0,0,0,0,0,0,0,0,1,0,1373,1885129,2588282117
21/09/2018,NA,1889,0,0,0,0,0,0,0,0,0,0,1,0,1374,1887876,2593941624
22/09/2018,NA,1228,0,0,0,0,0,0,0,0,0,0,1,1,1375,1890625,2599609375
23/09/2018,NA,1656,0,0,0,0,0,0,0,0,0,0,1,1,1376,1893376,2605285376
24/09/2018,NA,2484,0,0,0,0,0,0,0,0,0,0,1,0,1377,1896129,2610969633
25/09/2018,NA,2768,0,0,0,0,0,0,0,0,0,0,1,0,1378,1898884,2616662152
26/09/2018,NA,3005,0,0,0,0,0,0,0,0,0,0,1,0,1379,1901641,2622362939
27/09/2018,NA,2971,0,0,0,0,0,0,0,0,0,0,1,0,1380,1904400,2628072000
28/09/2018,NA,2723,0,0,0,0,0,0,0,0,0,0,1,0,1381,1907161,2633789341
29/09/2018,NA,1442,0,0,0,0,0,0,0,0,0,0,1,1,1382,1909924,2639514968
30/09/2018,NA,578,0,0,0,0,0,0,0,0,0,0,1,1,1383,1912689,2645248887
01/10/2018,NA,1843,0,0,0,0,0,0,0,0,0,1,0,0,1384,1915456,2650991104
02/10/2018,NA,2456,0,0,0,0,0,0,0,0,0,1,0,0,1385,1918225,2656741625
03/10/2018,NA,2326,0,0,0,0,0,0,0,0,0,1,0,0,1386,1920996,2662500456
04/10/2018,NA,2408,0,0,0,0,0,0,0,0,0,1,0,0,1387,1923769,2668267603
05/10/2018,NA,1209,0,0,0,0,0,0,0,0,0,1,0,0,1388,1926544,2674043072
06/10/2018,NA,1581,0,0,0,0,0,0,0,0,0,1,0,1,1389,1929321,2679826869
07/10/2018,NA,374,0,0,0,0,0,0,0,0,0,1,0,1,1390,1932100,2685619000
08/10/2018,NA,376,0,0,0,0,0,0,0,0,0,1,0,0,1391,1934881,2691419471
09/10/2018,NA,2552,0,0,0,0,0,0,0,0,0,1,0,0,1392,1937664,2697228288
10/10/2018,NA,2587,0,0,0,0,0,0,0,0,0,1,0,0,1393,1940449,2703045457
11/10/2018,NA,2705,0,0,0,0,0,0,0,0,0,1,0,0,1394,1943236,2708870984
12/10/2018,NA,2441,0,0,0,0,0,0,0,0,0,1,0,0,1395,1946025,2714704875
13/10/2018,NA,1661,0,0,0,0,0,0,0,0,0,1,0,1,1396,1948816,2720547136
14/10/2018,NA,1613,0,0,0,0,0,0,0,0,0,1,0,1,1397,1951609,2726397773
15/10/2018,NA,2488,0,0,0,0,0,0,0,0,0,1,0,0,1398,1954404,2732256792
16/10/2018,NA,2786,0,0,0,0,0,0,0,0,0,1,0,0,1399,1957201,2738124199
17/10/2018,NA,2631,0,0,0,0,0,0,0,0,0,1,0,0,1400,1960000,2.74E+09
18/10/2018,NA,2553,0,0,0,0,0,0,0,0,0,1,0,0,1401,1962801,2749884201
19/10/2018,NA,2275,0,0,0,0,0,0,0,0,0,1,0,0,1402,1965604,2755776808
20/10/2018,NA,1308,0,0,0,0,0,0,0,0,0,1,0,1,1403,1968409,2761677827
21/10/2018,NA,1613,0,0,0,0,0,0,0,0,0,1,0,1,1404,1971216,2767587264
22/10/2018,NA,2346,0,0,0,0,0,0,0,0,0,1,0,0,1405,1974025,2773505125
23/10/2018,NA,2237,0,0,0,0,0,0,0,0,0,1,0,0,1406,1976836,2779431416
24/10/2018,NA,2281,0,0,0,0,0,0,0,0,0,1,0,0,1407,1979649,2785366143
25/10/2018,NA,1799,0,0,0,0,0,0,0,0,0,1,0,0,1408,1982464,2791309312
26/10/2018,NA,1889,0,0,0,0,0,0,0,0,0,1,0,0,1409,1985281,2797260929
27/10/2018,NA,943,0,0,0,0,0,0,0,0,0,1,0,1,1410,1988100,2803221000
